desk_id,job_name
1,CEO
2,Business Leader
3,Business Leader
4,Business Leader
5,Business Leader
6,Business Leader
7,Business Leader
8,Business Leader
9,Business Leader
10,Business Leader
11,Department Leader
12,Department Leader
13,Department Leader
14,Department Leader
15,Department Leader
16,Department Leader
17,Department Leader
18,Department Leader
19,Department Leader
20,Department Leader
21,Department Leader
22,Department Leader
23,Department Leader
24,Department Leader
25,Department Leader
26,Department Leader
27,Department Leader
28,Department Leader
29,Department Leader
30,Department Leader
31,Department Leader
32,Department Leader
33,Department Leader
34,Department Leader
35,Department Leader
36,Department Leader
37,Department Leader
38,Department Leader
39,Department Leader
40,Department Leader
41,Department Leader
42,Department Leader
43,Department Leader
44,Department Leader
45,Department Leader
46,Department Leader
47,Department Leader
48,Department Leader
49,Department Leader
50,Department Leader
51,Department Leader
52,Department Leader
53,Regional Leader
54,Regional Leader
55,Regional Leader
56,Regional Leader
57,Regional Leader
58,Regional Leader
59,Regional Leader
60,Regional Leader
61,Regional Leader
62,Regional Leader
63,Regional Leader
64,Regional Leader
65,Regional Leader
66,Regional Leader
67,Regional Leader
68,Regional Leader
69,Regional Leader
70,Regional Leader
71,Regional Leader
72,Regional Leader
73,Regional Leader
74,Regional Leader
75,Regional Leader
76,Regional Leader
77,Regional Leader
78,Regional Leader
79,Regional Leader
80,Regional Leader
81,Regional Leader
82,Regional Leader
83,Regional Leader
84,Regional Leader
85,Regional Leader
86,Regional Leader
87,Regional Leader
88,Regional Leader
89,Regional Leader
90,Regional Leader
91,Regional Leader
92,Regional Leader
93,Regional Leader
94,Regional Leader
95,Regional Leader
96,Regional Leader
97,Regional Leader
98,Regional Leader
99,Regional Leader
100,Regional Leader
101,Regional Leader
102,Regional Leader
103,Regional Leader
104,Regional Leader
105,Regional Leader
106,Regional Leader
107,Regional Leader
108,Regional Leader
109,Regional Leader
110,Regional Leader
111,Regional Leader
112,Regional Leader
113,Regional Leader
114,Regional Leader
115,Regional Leader
116,Regional Leader
117,Regional Leader
118,Regional Leader
119,Regional Leader
120,Regional Leader
121,Regional Leader
122,Regional Leader
123,Regional Leader
124,Regional Leader
125,Regional Leader
126,Regional Leader
127,Regional Leader
128,Regional Leader
129,Regional Leader
130,Regional Leader
131,Regional Leader
132,Regional Leader
133,Regional Leader
134,Regional Leader
135,Regional Leader
136,Regional Leader
137,Regional Leader
138,Regional Leader
139,Regional Leader
140,Regional Leader
141,Regional Leader
142,Regional Leader
143,Regional Leader
144,Regional Leader
145,Regional Leader
146,Regional Leader
147,Regional Leader
148,Regional Leader
149,Regional Leader
150,Regional Leader
151,Regional Leader
152,Regional Leader
153,Regional Leader
154,Regional Leader
155,Regional Leader
156,Regional Leader
157,Regional Leader
158,Regional Leader
159,Regional Leader
160,Regional Leader
161,Regional Leader
162,Regional Leader
163,Regional Leader
164,Regional Leader
165,Regional Leader
166,Regional Leader
167,Regional Leader
168,Regional Leader
169,Regional Leader
170,Regional Leader
171,Regional Leader
172,Regional Leader
173,Regional Leader
174,Regional Leader
175,Regional Leader
176,Regional Leader
177,Regional Leader
178,Regional Leader
179,Regional Leader
180,Regional Leader
181,Regional Leader
182,Regional Leader
183,Regional Leader
184,Regional Leader
185,Regional Leader
186,Regional Leader
187,Regional Leader
188,Regional Leader
189,Regional Leader
190,Regional Leader
191,Regional Leader
192,Regional Leader
193,Regional Leader
194,Regional Leader
195,Regional Leader
196,Regional Leader
197,Regional Leader
198,Regional Leader
199,Regional Leader
200,Regional Leader
201,Regional Leader
202,Regional Leader
203,Regional Leader
204,Regional Leader
205,Regional Leader
206,Analyst
207,Consultant
208,Consultant
209,Analyst
210,Product Manager
211,Project Manager
212,Analyst
213,Project Manager
214,Product Manager
215,Project Manager
216,Project Manager
217,Project Manager
218,Project Manager
219,Project Manager
220,Consultant
221,Analyst
222,Analyst
223,Consultant
224,Consultant
225,Consultant
226,Project Manager
227,Consultant
228,Project Manager
229,Consultant
230,Project Manager
231,Consultant
232,Consultant
233,Product Manager
234,Analyst
235,Consultant
236,Analyst
237,Project Manager
238,Product Manager
239,Project Manager
240,Product Manager
241,Project Manager
242,Consultant
243,Project Manager
244,Consultant
245,Consultant
246,Consultant
247,Product Manager
248,Consultant
249,Analyst
250,Consultant
251,Consultant
252,Consultant
253,Product Manager
254,Product Manager
255,Consultant
256,Consultant
257,Product Manager
258,Consultant
259,Project Manager
260,Project Manager
261,Consultant
262,Product Manager
263,Consultant
264,Consultant
265,Product Manager
266,Analyst
267,Consultant
268,Consultant
269,Consultant
270,Consultant
271,Product Manager
272,Analyst
273,Consultant
274,Consultant
275,Analyst
276,Consultant
277,Product Manager
278,Project Manager
279,Product Manager
280,Consultant
281,Product Manager
282,Consultant
283,Product Manager
284,Product Manager
285,Project Manager
286,Project Manager
287,Project Manager
288,Product Manager
289,Analyst
290,Product Manager
291,Product Manager
292,Analyst
293,Consultant
294,Consultant
295,Project Manager
296,Product Manager
297,Product Manager
298,Project Manager
299,Consultant
300,Consultant
301,Analyst
302,Project Manager
303,Analyst
304,Analyst
305,Project Manager
306,Product Manager
307,Analyst
308,Project Manager
309,Analyst
310,Consultant
311,Analyst
312,Consultant
313,Product Manager
314,Product Manager
315,Project Manager
316,Consultant
317,Analyst
318,Consultant
319,Analyst
320,Project Manager
321,Consultant
322,Consultant
323,Product Manager
324,Product Manager
325,Consultant
326,Project Manager
327,Analyst
328,Project Manager
329,Product Manager
330,Project Manager
331,Product Manager
332,Product Manager
333,Analyst
334,Project Manager
335,Project Manager
336,Project Manager
337,Product Manager
338,Project Manager
339,Project Manager
340,Project Manager
341,Product Manager
342,Product Manager
343,Consultant
344,Project Manager
345,Analyst
346,Product Manager
347,Consultant
348,Product Manager
349,Project Manager
350,Consultant
351,Analyst
352,Analyst
353,Project Manager
354,Product Manager
355,Consultant
356,Project Manager
357,Consultant
358,Analyst
359,Consultant
360,Analyst
361,Analyst
362,Product Manager
363,Analyst
364,Salesperson
365,Salesperson
366,Salesperson
367,Salesperson
368,Salesperson
369,Salesperson
370,Salesperson
371,Salesperson
372,Salesperson
373,Salesperson
374,Salesperson
375,Salesperson
376,Salesperson
377,Salesperson
378,Salesperson
379,Salesperson
380,Salesperson
381,Salesperson
382,Salesperson
383,Salesperson
384,Salesperson
385,Salesperson
386,Salesperson
387,Salesperson
388,Salesperson
389,Salesperson
390,Salesperson
391,Salesperson
392,Salesperson
393,Salesperson
394,Salesperson
395,Salesperson
396,Salesperson
397,Salesperson
398,Salesperson
399,Salesperson
400,Salesperson
401,Salesperson
402,Salesperson
403,Salesperson
404,Salesperson
405,Salesperson
406,Salesperson
407,Salesperson
408,Salesperson
409,Salesperson
410,Salesperson
411,Salesperson
412,Salesperson
413,Salesperson
414,Salesperson
415,Salesperson
416,Salesperson
417,Salesperson
418,Salesperson
419,Salesperson
420,Salesperson
421,Salesperson
422,Salesperson
423,Salesperson
424,Salesperson
425,Salesperson
426,Salesperson
427,Salesperson
428,Salesperson
429,Salesperson
430,Salesperson
431,Salesperson
432,Salesperson
433,Salesperson
434,Salesperson
435,Salesperson
436,Salesperson
437,Salesperson
438,Salesperson
439,Salesperson
440,Salesperson
441,Salesperson
442,Salesperson
443,Salesperson
444,Salesperson
445,Salesperson
446,Salesperson
447,Salesperson
448,Salesperson
449,Salesperson
450,Salesperson
451,Salesperson
452,Salesperson
453,Salesperson
454,Salesperson
455,Salesperson
456,Salesperson
457,Salesperson
458,Salesperson
459,Salesperson
460,Salesperson
461,Salesperson
462,Salesperson
463,Salesperson
464,Salesperson
465,Salesperson
466,Salesperson
467,Salesperson
468,Salesperson
469,Salesperson
470,Salesperson
471,Salesperson
472,Salesperson
473,Salesperson
474,Salesperson
475,Salesperson
476,Salesperson
477,Salesperson
478,Salesperson
479,Salesperson
480,Salesperson
481,Salesperson
482,Salesperson
483,Salesperson
484,Salesperson
485,Salesperson
486,Salesperson
487,Salesperson
488,Salesperson
489,Salesperson
490,Salesperson
491,Salesperson
492,Salesperson
493,Salesperson
494,Salesperson
495,Salesperson
496,Salesperson
497,Salesperson
498,Salesperson
499,Salesperson
500,Salesperson
501,Salesperson
502,Salesperson
503,Salesperson
504,Salesperson
505,Salesperson
506,Salesperson
507,Salesperson
508,Salesperson
509,Salesperson
510,Salesperson
511,Salesperson
512,Salesperson
513,Salesperson
514,Salesperson
515,Salesperson
516,Salesperson
517,Salesperson
518,Salesperson
519,Salesperson
520,Salesperson
521,Salesperson
522,Salesperson
523,Salesperson
524,Salesperson
525,Salesperson
526,Salesperson
527,Salesperson
528,Salesperson
529,Salesperson
530,Salesperson
531,Salesperson
532,Salesperson
533,Salesperson
534,Salesperson
535,Salesperson
536,Salesperson
537,Salesperson
538,Salesperson
539,Salesperson
540,Salesperson
541,Salesperson
542,Salesperson
543,Salesperson
544,Salesperson
545,Salesperson
546,Salesperson
547,Salesperson
548,Salesperson
549,Salesperson
550,Salesperson
551,Salesperson
552,Salesperson
553,Salesperson
554,Salesperson
555,Salesperson
556,Salesperson
557,Salesperson
558,Salesperson
559,Salesperson
560,Salesperson
561,Salesperson
562,Salesperson
563,Salesperson
564,Salesperson
565,Salesperson
566,Salesperson
567,Salesperson
568,Salesperson
569,Salesperson
570,Salesperson
571,Salesperson
572,Salesperson
573,Salesperson
574,Salesperson
575,Salesperson
576,Salesperson
577,Salesperson
578,Salesperson
579,Salesperson
580,Salesperson
581,Salesperson
582,Salesperson
583,Salesperson
584,Salesperson
585,Salesperson
586,Salesperson
587,Salesperson
588,Salesperson
589,Salesperson
590,Salesperson
591,Salesperson
592,Salesperson
593,Salesperson
594,Salesperson
595,Salesperson
596,Salesperson
597,Salesperson
598,Salesperson
599,Salesperson
600,Salesperson
601,Salesperson
602,Salesperson
603,Salesperson
604,Salesperson
605,Salesperson
606,Salesperson
607,Salesperson
608,Salesperson
609,Salesperson
610,Salesperson
611,Salesperson
612,Salesperson
613,Salesperson
614,Salesperson
615,Salesperson
616,Salesperson
617,Salesperson
618,Salesperson
619,Salesperson
620,Salesperson
621,Salesperson
622,Salesperson
623,Salesperson
624,Salesperson
625,Salesperson
626,Salesperson
627,Salesperson
628,Salesperson
629,Salesperson
630,Salesperson
631,Salesperson
632,Salesperson
633,Salesperson
634,Salesperson
635,Salesperson
636,Salesperson
637,Salesperson
638,Salesperson
639,Salesperson
640,Salesperson
641,Salesperson
642,Salesperson
643,Salesperson
644,Salesperson
645,Salesperson
646,Salesperson
647,Salesperson
648,Salesperson
649,Salesperson
650,Salesperson
651,Salesperson
652,Salesperson
653,Salesperson
654,Salesperson
655,Salesperson
656,Salesperson
657,Salesperson
658,Salesperson
659,Salesperson
660,Salesperson
661,Salesperson
662,Salesperson
663,Salesperson
664,Salesperson
665,Salesperson
666,Salesperson
667,Salesperson
668,Salesperson
669,Salesperson
670,Salesperson
671,Salesperson
672,Salesperson
673,Salesperson
674,Salesperson
675,Salesperson
676,Salesperson
677,Salesperson
678,Salesperson
679,Salesperson
680,Salesperson
681,Salesperson
682,Salesperson
683,Salesperson
684,Salesperson
685,Salesperson
686,Salesperson
687,Salesperson
688,Salesperson
689,Salesperson
690,Salesperson
691,Salesperson
692,Salesperson
693,Salesperson
694,Salesperson
695,Salesperson
696,Salesperson
697,Salesperson
698,Salesperson
699,Salesperson
700,Salesperson
701,Salesperson
702,Salesperson
703,Salesperson
704,Salesperson
705,Salesperson
706,Salesperson
707,Salesperson
708,Salesperson
709,Salesperson
710,Salesperson
711,Salesperson
712,Salesperson
713,Salesperson
714,Salesperson
715,Salesperson
716,Salesperson
717,Salesperson
718,Salesperson
719,Salesperson
720,Salesperson
721,Salesperson
722,Salesperson
723,Salesperson
724,Salesperson
725,Salesperson
726,Salesperson
727,Salesperson
728,Salesperson
729,Salesperson
730,Salesperson
731,Salesperson
732,Salesperson
733,Salesperson
734,Salesperson
735,Salesperson
736,Salesperson
737,Salesperson
738,Salesperson
739,Salesperson
740,Salesperson
741,Salesperson
742,Salesperson
743,Salesperson
744,Salesperson
745,Salesperson
746,Salesperson
747,Salesperson
748,Salesperson
749,Salesperson
750,Salesperson
751,Salesperson
752,Salesperson
753,Salesperson
754,Salesperson
755,Salesperson
756,Salesperson
757,Salesperson
758,Salesperson
759,Salesperson
760,Salesperson
761,Salesperson
762,Salesperson
763,Salesperson
764,Salesperson
765,Salesperson
766,Salesperson
767,Salesperson
768,Salesperson
769,Salesperson
770,Salesperson
771,Salesperson
772,Salesperson
773,Salesperson
774,Salesperson
775,Salesperson
776,Salesperson
777,Salesperson
778,Salesperson
779,Salesperson
780,Salesperson
781,Salesperson
782,Salesperson
783,Salesperson
784,Salesperson
785,Salesperson
786,Salesperson
787,Salesperson
788,Salesperson
789,Salesperson
790,Salesperson
791,Salesperson
792,Salesperson
793,Salesperson
794,Salesperson
795,Salesperson
796,Salesperson
797,Salesperson
798,Salesperson
799,Salesperson
800,Analyst
801,Product Manager
802,Project Manager
803,Consultant
804,Product Manager
805,Analyst
806,Consultant
807,Project Manager
808,Product Manager
809,Analyst
810,Analyst
811,Consultant
812,Project Manager
813,Consultant
814,Consultant
815,Consultant
816,Consultant
817,Product Manager
818,Product Manager
819,Product Manager
820,Consultant
821,Consultant
822,Product Manager
823,Project Manager
824,Product Manager
825,Product Manager
826,Project Manager
827,Product Manager
828,Product Manager
829,Project Manager
830,Consultant
831,Product Manager
832,Analyst
833,Analyst
834,Consultant
835,Project Manager
836,Project Manager
837,Analyst
838,Consultant
839,Consultant
840,Analyst
841,Consultant
842,Analyst
843,Product Manager
844,Product Manager
845,Product Manager
846,Analyst
847,Project Manager
848,Consultant
849,Project Manager
850,Attorney
851,Attorney
852,Attorney
853,Attorney
854,Paralegal
855,Attorney
856,Attorney
857,Paralegal
858,Attorney
859,Attorney
860,Attorney
861,Paralegal
862,Attorney
863,Attorney
864,Attorney
865,Paralegal
866,Paralegal
867,Paralegal
868,Attorney
869,Paralegal
870,Attorney
871,Paralegal
872,Paralegal
873,Paralegal
874,Paralegal
875,Paralegal
876,Analyst
877,Paralegal
878,Paralegal
879,Analyst
880,Attorney
881,Attorney
882,Paralegal
883,Attorney
884,Paralegal
885,Attorney
886,Paralegal
887,Attorney
888,Attorney
889,Paralegal
890,Attorney
891,Attorney
892,Attorney
893,Attorney
894,Analyst
895,Project Manager
896,Paralegal
897,Attorney
898,Paralegal
899,Attorney
900,Paralegal
901,Paralegal
902,Attorney
903,Attorney
904,Paralegal
905,Attorney
906,Attorney
907,Paralegal
908,Attorney
909,Attorney
910,Attorney
911,Paralegal
912,Developer
913,Analyst
914,Developer
915,Developer
916,Developer
917,Developer
918,Developer
919,Developer
920,Developer
921,Developer
922,Developer
923,Developer
924,Analyst
925,Product Manager
926,Developer
927,Developer
928,Developer
929,Developer
930,Developer
931,Consultant
932,Project Manager
933,Consultant
934,Developer
935,Developer
936,Analyst
937,Developer
938,Developer
939,Developer
940,Developer
941,Developer
942,Consultant
943,Developer
944,Developer
945,Developer
946,Consultant
947,Developer
948,Developer
949,Analyst
950,Developer
951,Developer
952,Developer
953,Developer
954,Developer
955,Developer
956,Developer
957,Developer
958,Developer
959,Developer
960,Developer
961,Developer
962,Developer
963,Developer
964,Developer
965,Developer
966,Developer
967,Developer
968,Analyst
969,Developer
970,Developer
971,Developer
972,Developer
973,Developer
974,Developer
975,Developer
976,Developer
977,Developer
978,Developer
979,Developer
980,Project Manager
981,Developer
982,Analyst
983,Developer
984,Developer
985,Developer
986,Developer
987,Developer
988,Developer
989,Developer
990,Consultant
991,Developer
992,Developer
993,Developer
994,Developer
995,Analyst
996,Developer
997,Consultant
998,Developer
999,Developer
1000,Developer
1001,Project Manager
1002,Analyst
1003,Developer
1004,Product Manager
1005,Developer
1006,Developer
1007,Developer
1008,Developer
1009,Developer
1010,Developer
1011,Consultant
1012,Developer
1013,Developer
1014,Developer
1015,Developer
1016,Developer
1017,Developer
1018,Developer
1019,Developer
1020,Developer
1021,Developer
1022,Developer
1023,Consultant
1024,Developer
1025,Developer
1026,Developer
1027,Developer
1028,Developer
1029,Project Manager
1030,Developer
1031,Developer
1032,Developer
1033,Developer
1034,Developer
1035,Developer
1036,Developer
1037,Developer
1038,Developer
1039,Developer
1040,Product Manager
1041,Developer
1042,Developer
1043,Developer
1044,Analyst
1045,Analyst
1046,Project Manager
1047,Consultant
1048,Project Manager
1049,Analyst
1050,Product Manager
1051,Product Manager
1052,Analyst
1053,Project Manager
1054,Analyst
1055,Product Manager
1056,Consultant
1057,Product Manager
1058,Analyst
1059,Consultant
1060,Product Manager
1061,Analyst
1062,Analyst
1063,Consultant
1064,Product Manager
1065,Consultant
1066,Consultant
1067,Consultant
1068,Consultant
1069,Project Manager
1070,Project Manager
1071,Project Manager
1072,Analyst
1073,Project Manager
1074,Analyst
1075,Project Manager
1076,Analyst
1077,Consultant
1078,Analyst
1079,Analyst
1080,Product Manager
1081,Analyst
1082,Product Manager
1083,Analyst
1084,Consultant
1085,Consultant
1086,Consultant
1087,Consultant
1088,Consultant
1089,Product Manager
1090,Product Manager
1091,Analyst
1092,Consultant
1093,Consultant
1094,Analyst
1095,Product Manager
1096,Product Manager
1097,Product Manager
1098,Analyst
1099,Consultant
1100,Project Manager
1101,Analyst
1102,Product Manager
1103,Product Manager
1104,Project Manager
1105,Consultant
1106,Analyst
1107,Analyst
1108,Project Manager
1109,Project Manager
1110,Analyst
1111,Product Manager
1112,Analyst
1113,Product Manager
1114,Consultant
1115,Project Manager
1116,Project Manager
1117,Product Manager
1118,Project Manager
1119,Analyst
1120,Project Manager
1121,Product Manager
1122,Product Manager
1123,Analyst
1124,Consultant
1125,Analyst
1126,Project Manager
1127,Analyst
1128,Analyst
1129,Product Manager
1130,Project Manager
1131,Consultant
1132,Analyst
1133,Analyst
1134,Product Manager
1135,Consultant
1136,Analyst
1137,Product Manager
1138,Consultant
1139,Consultant
1140,Analyst
1141,Project Manager
1142,Product Manager
1143,Project Manager
1144,Analyst
1145,Consultant
1146,Analyst
1147,Project Manager
1148,Product Manager
1149,Project Manager
1150,Analyst
1151,Product Manager
1152,Project Manager
1153,Analyst
1154,Consultant
1155,Analyst
1156,Consultant
1157,Project Manager
1158,Consultant
1159,Consultant
1160,Project Manager
1161,Project Manager
1162,Product Manager
1163,Analyst
1164,Consultant
1165,Consultant
1166,Analyst
1167,Analyst
1168,Consultant
1169,Consultant
1170,Consultant
1171,Consultant
1172,Consultant
1173,Consultant
1174,Product Manager
1175,Consultant
1176,Project Manager
1177,Project Manager
1178,Product Manager
1179,Consultant
1180,Product Manager
1181,Analyst
1182,Analyst
1183,Project Manager
1184,Analyst
1185,Product Manager
1186,Product Manager
1187,Product Manager
1188,Project Manager
1189,Project Manager
1190,Consultant
1191,Project Manager
1192,Analyst
1193,Analyst
1194,Project Manager
1195,Consultant
1196,Project Manager
1197,Product Manager
1198,Analyst
1199,Consultant
1200,Consultant
1201,Analyst
1202,Consultant
1203,Consultant
1204,Analyst
1205,Analyst
1206,Project Manager
1207,Analyst
1208,Analyst
1209,Product Manager
1210,Product Manager
1211,Analyst
1212,Product Manager
1213,Project Manager
1214,Consultant
1215,Consultant
1216,Product Manager
1217,Project Manager
1218,Consultant
1219,Project Manager
1220,Analyst
1221,Analyst
1222,Product Manager
1223,Analyst
1224,Analyst
1225,Project Manager
1226,Analyst
1227,Consultant
1228,Product Manager
1229,Consultant
1230,Product Manager
1231,Product Manager
1232,Project Manager
1233,Project Manager
